<?xml version="1.0" encoding="UTF-8"?><?xml-stylesheet type='text/xsl' href='_UpgradeReport_Files/UpgradeReport.xslt'?><UpgradeLog>
<Properties><Property Name="Solution" Value="RepConvert">
</Property><Property Name="Solution File" Value="C:\Users\Bear\Desktop\New Folder\Hack Scanner\Source Code\RepConvert.sln">
</Property><Property Name="User Options File" Value="C:\Users\Bear\Desktop\New Folder\Hack Scanner\Source Code\RepConvert.suo">
</Property><Property Name="Date" Value="Sunday, June 29, 2008">
</Property><Property Name="Time" Value="11:39 AM">
</Property></Properties><Event ErrorLevel="0" Project="" Source="RepConvert.sln" Description="File successfully backed up as C:\Users\Bear\Desktop\New Folder\Hack Scanner\Source Code\RepConvert.sln.old">
</Event><Event ErrorLevel="0" Project="" Source="RepConvert.suo" Description="File successfully backed up as C:\Users\Bear\Desktop\New Folder\Hack Scanner\Source Code\RepConvert.suo.old">
</Event><Event ErrorLevel="0" Project="RepConvert" Source="RepConvert\RepConvert.vcproj" Description="Web deployment to the local IIS server is no longer supported. The Web Deployment build tool has been removed from your project settings.">
</Event><Event ErrorLevel="1" Project="RepConvert" Source="RepConvert\RepConvert.vcproj" Description="This application has been updated to include settings related to the User Account Control (UAC) feature of Windows Vista. By default, when run on Windows Vista with UAC enabled, this application is marked to run with the same privileges as the process that launched it. This marking also disables the application from running with virtualization. You can change UAC related settings from the Property Pages of the project.">
</Event><Event ErrorLevel="0" Project="RepConvert" Source="RepConvert\RepConvert.vcproj" Description="Project file successfully backed up as 'C:\Users\Bear\Desktop\New Folder\Hack Scanner\Source Code\RepConvert\RepConvert.vcproj.8.00.old'.">
</Event><Event ErrorLevel="0" Project="RepConvert" Source="RepConvert\RepConvert.vcproj" Description="Project upgraded successfully.">
</Event><Event ErrorLevel="3" Project="RepConvert" Source="RepConvert\RepConvert.vcproj" Description="Converted">
</Event><Event ErrorLevel="0" Project="" Source="RepConvert.sln" Description="Solution converted successfully">
</Event><Event ErrorLevel="3" Project="" Source="RepConvert.sln" Description="Converted">
</Event></UpgradeLog>